code,system
Eu23012,readv2
1BH..00,readv2
Eu22000,readv2
1BH1.00,readv2
Eu22y11,readv2
1BH..11,readv2
Eu22100,readv2
E103000,readv2
E103200,readv2
E100300,readv2
Eu20214,readv2
E10y.11,readv2
E101.00,readv2
E103100,readv2
Eu21.13,readv2
Eu20100,readv2
Eu20213,readv2
Eu20y00,readv2
Eu23214,readv2
Eu20011,readv2
Eu23112,readv2
E102400,readv2
Eu20600,readv2
E103400,readv2
Eu20500,readv2
Eu21.15,readv2
E105.00,readv2
E102000,readv2
E102z00,readv2
E100.11,readv2
E107.11,readv2
Eu20y12,readv2
E102.00,readv2
E10y000,readv2
E100500,readv2
Eu20200,readv2
E105200,readv2
E101z00,readv2
E102100,readv2
Eu25112,readv2
E102500,readv2
E101400,readv2
E10z.00,readv2
Eu25211,readv2
Eu23000,readv2
Eu20.00,readv2
ZS7C611,readv2
E103.00,readv2
Eu20511,readv2
Eu23211,readv2
E103500,readv2
E103z00,readv2
E104.00,readv2
E101500,readv2
Eu20212,readv2
E101000,readv2
Eu20000,readv2
Eu20111,readv2
E100400,readv2
E10y.00,readv2
Eu20y13,readv2
E103300,readv2
Eu21.16,readv2
E100100,readv2
E10..00,readv2
Eu21.11,readv2
Eu2..00,readv2
E105000,readv2
E106.00,readv2
E100000,readv2
E100200,readv2
E10yz00,readv2
E105z00,readv2
E105500,readv2
Eu25012,readv2
Eu23100,readv2
E100.00,readv2
E10y100,readv2
Eu20300,readv2
Eu23212,readv2
E100z00,readv2
Eu20z00,readv2
Eu21.17,readv2
Eu21.14,readv2
Eu20311,readv2
E14z.11,readv2
E12z.00,readv2
E121.00,readv2
E134.00,readv2
225E.00,readv2
Eu22011,readv2
Eu22015,readv2
E12y000,readv2
Eu24.12,readv2
E133.00,readv2
E123.00,readv2
Eu23312,readv2
Eu32313,readv2
Eu33311,readv2
Eu24.13,readv2
Eu32900,readv2
E13z.11,readv2
Eu32300,readv2
285..11,readv2
Eu23.00,readv2
Eu32311,readv2
E130.11,readv2
Eu2y.00,readv2
Eu23z00,readv2
Eu23200,readv2
Eu23y00,readv2
Eu23300,readv2
Eu33300,readv2
Eu33314,readv2
Eu33313,readv2
Eu33315,readv2
Eu32A00,readv2
Eu33316,readv2
Eu25z11,readv2
Eu25z00,readv2
Eu25212,readv2
E11z.00,readv2
E107100,readv2
Eu25200,readv2
E107400,readv2
Eu25111,readv2
Eu25.00,readv2
Eu25y00,readv2
E107300,readv2
E107200,readv2
Eu25100,readv2
E11z000,readv2
E107000,readv2
E107500,readv2
Eu25000,readv2
E107.00,readv2
Eu25011,readv2
E107z00,readv2
E11zz00,readv2
Eu02z12,readv2
E1...00,readv2
Eu44.14,readv2
E13..00,readv2
E13z.00,readv2
Eu84314,readv2
Eu2z.11,readv2
E1z..00,readv2
Eu2z.00,readv2
E1y..00,readv2
Eu2y.11,readv2
Eu0z.12,readv2
Eu22014,readv2
E141.00,readv2
E141100,readv2
Eu24.00,readv2
Eu22.00,readv2
Eu22z00,readv2
Eu22y00,readv2
Ryu5300,readv2
R001z00,readv2
R001100,readv2
R001200,readv2
R001000,readv2
R001300,readv2
Eu22013,readv2
E122.00,readv2
E14y.00,readv2
Eu84512,readv2
E14yz00,readv2
E14..00,readv2
E14z.00,readv2
225F.00,readv2
1BH0.00,readv2
Eu32312,readv2
Eu22012,readv2
Eu22y12,readv2
E13..11,readv2
E130.00,readv2
Eu20211,readv2
Eu32314,readv2
Eu22111,readv2